"","Name","Rank","City","State","Zip","Latitude","Longitude","ADMrate","Ownership","Setting","SAT","AvgCost","Major_agriculture","Major_NatureResource","Major_Architecture","Major_CS","Major_Engineering","Major_Bio","Major_MathStat","Major_Psychology","Major_SocialScience","Major_Business","Major_History"
"1","Stanford University",1,"Stanford","CA","94305","37.426967","-122.168826","0.0509",2,"17","1465",60311,"0","0","0","1","1","1","1","1","1","0","1"
"2","Williams College",2,"Williamstown","MA","1267","42.711669","-73.205888","0.1932",2,"11","1452",61850,"0","1","0","1","0","1","1","1","1","0","1"
"3","Princeton University",3,"Princeton","NJ","08544-0070","40.34853","-74.663603","0.0744",2,"14","1491",57400,"0","0","1","0","1","1","1","1","1","0","1"
"4","Harvard University",4,"Cambridge","MA","2138","42.374429","-71.118177","0.0596",2,"17","1501",59950,"0","1","0","1","1","1","1","1","1","0","1"
"5","Massachusetts Institute of Technology",5,"Cambridge","MA","02139-4307","42.360095","-71.092115","0.0788",2,"17","1500",59020,"0","0","1","1","1","1","1","0","1","1","1"
"6","Yale University",6,"New Haven","CT","6520","41.311158","-72.926688","0.063",2,"17","1493",61620,"0","1","1","1","1","1","1","1","1","0","1"
"7","Pomona College",7,"Claremont","CA","91711-6319","34.098298","-117.711944","0.1219",2,"11","1454",59730,"0","1","0","1","1","1","1","1","1","0","1"
"8","Brown University",8,"Providence","RI","2912","41.827605","-71.404467","0.0874",2,"14","1435",60460,"0","1","0","1","1","1","1","1","1","1","1"
"9","Wesleyan University",9,"Middletown","CT","6459","41.55678","-72.656755","0.2391",2,"14","NULL",62849,"0","1","0","1","0","1","1","1","1","0","1"
"10","Swarthmore College",10,"Swarthmore","PA","19081","39.904081","-75.356066","0.1702",2,"11","1433",60671,"0","1","0","1","1","1","1","1","1","0","1"
"11","University of Pennsylvania",11,"Philadelphia","PA","19104-6303","39.951002","-75.193618","0.1037",2,"16","1452",61800,"0","1","1","1","1","1","1","1","1","1","1"
"12","Amherst College",12,"Amherst","MA","01002-5000","42.372459","-72.518493","0.1384",2,"11","1439",61544,"0","1","1","1","0","1","1","1","1","0","1"
"13","University of Notre Dame",13,"Notre Dame","IN","46556","41.703058","-86.238959","0.2114",2,"17","1450",60117,"0","1","1","1","1","1","1","1","1","1","1"
"14","Northwestern University",14,"Evanston","IL","60208","42.058377","-87.673653","0.1311",2,"16","1461",63028,"0","1","0","1","1","1","1","1","1","1","1"
"15","Columbia University in the City of New York",15,"New York","NY","10027","40.808286","-73.961885","0.0695",2,"17","1470",64144,"0","1","1","1","1","1","1","1","1","1","1"
"16","Dartmouth College",16,"Hanover","NH","03755-3529","43.70408","-72.289951","0.115",2,"14","1444",63279,"0","1","0","1","1","1","1","1","1","0","1"
"17","Tufts University",17,"Medford","MA","02155-5555","42.406994","-71.121689","0.1724",2,"17","1423",61000,"0","1","1","1","1","1","1","1","1","0","1"
"18","Bowdoin College",18,"Brunswick","ME","4011","43.906902","-69.965241","0.1491",2,"11","NULL",59900,"0","1","0","1","0","1","1","1","1","0","1"
"19","University of Chicago",19,"Chicago","IL","60637","41.78917","-87.601196","0.0876",2,"17","1505",64988,"0","1","0","1","0","1","1","1","2","0","1"
"20","Georgetown University",20,"Washington","DC","20057-0001","38.908809","-77.073463","0.1735",2,"17","1414",62179,"0","0","0","1","0","1","1","1","1","1","1"
"21","Boston College",21,"Chestnut Hill","MA","2467","42.337688","-71.171488","0.3391",2,"17","1380",60690,"0","1","0","1","0","1","1","1","1","1","1"
"22","Haverford College",22,"Haverford","PA","19041-1392","40.013368","-75.302562","0.2469",2,"11","1422",61898,"0","0","1","1","0","1","1","1","1","0","1"
"23","Davidson College",23,"Davidson","NC","28035","35.500006","-80.845236","0.2167",2,"11","1337",57458,"0","1","0","0","0","1","1","1","1","0","1"
"24","Duke University",24,"Durham","NC","27708","36.00159","-78.94226","0.1141",2,"17","1454",61748,"0","1","0","1","1","1","1","1","1","0","1"
"25","Carleton College",25,"Northfield","MN","55057-4001","44.462304","-93.154662","0.2277",2,"11","1408",60401,"0","1","0","1","0","1","1","1","1","0","1"
"26","Claremont McKenna College",26,"Claremont","CA","91711-6400","34.102323","-117.706593","0.1077",2,"11","1419",62010,"0","1","0","1","1","1","1","1","1","1","1"
"27","Washington and Lee University",27,"Lexington","VA","24450-2116","37.787832","-79.445724","0.1946",2,"11","1395",58575,"0","1","0","1","1","1","1","1","1","1","1"
"28","Cornell University",28,"Ithaca","NY","14853","42.447199","-76.483489","0.1419",2,"17","1422",61608,"1","1","1","1","1","1","1","1","1","1","1"
"29","Rice University",29,"Houston","TX","77005-1827","29.716485","-95.403625","0.151",2,"14","1460",54291,"0","1","1","1","1","1","1","1","1","1","1"
"30","Wellesley College",30,"Wellesley","MA","02481-8203","42.293765","-71.307966","0.3011",2,"11","1390",59092,"0","1","1","1","0","1","1","1","1","0","1"
"31","Vassar College",31,"Poughkeepsie","NY","12604","41.685105","-73.894345","0.2354",2,"11","1403",61320,"0","1","0","1","0","1","1","1","1","0","1"
"32","Middlebury College",32,"Middlebury","VT","5753","44.009117","-73.176068","0.1717",2,"11","1379",59470,"0","1","1","1","0","1","1","1","1","0","1"
"33","The University of Virginia's College at Wise",33,"Wise","VA","24293-4400","36.971468","-82.558728","0.6882",1,"10","946",20095,"0","0","0","1","1","0","1","0","1","1","1"
"34","Barnard College",34,"New York","NY","10027-6598","40.809137","-73.964027","0.2377",2,"11","1343",61171,"0","1","1","1","0","1","1","1","1","0","1"
"35","College of William and Mary",35,"Williamsburg","VA","23187-8795","37.271997","-76.709417","0.3302",1,"14","1373",28329,"0","0","0","1","0","1","1","1","1","1","1"
"36","California Institute of Technology",36,"Pasadena","CA","91125","34.139275","-118.12574","0.0883",2,"10","1545",58755,"0","0","0","1","1","1","1","0","1","1","1"
"37","University of California-Berkeley",37,"Berkeley","CA","94720","37.871969","-122.260423","0.1602",1,"16","1382",33020,"0","1","1","1","1","1","1","1","1","1","1"
"38","Colby College",38,"Waterville","ME","04901-8840","44.564211","-69.66337","0.2805",2,"11","1333",59110,"0","1","0","1","0","1","1","1","1","0","1"
"39","Colgate University",39,"Hamilton","NY","13346-1398","42.8188","-75.535","0.2624",2,"11","1369",60050,"0","1","0","1","0","1","1","1","1","0","1"
"40","Oberlin College",40,"Oberlin","OH","44074","41.29474","-82.221786","0.3272",2,"11","1349",62051,"0","1","0","1","1","1","1","1","1","0","1"
"41","University of Michigan-Ann Arbor",41,"Ann Arbor","MI","48109","42.276061","-83.743121","0.3224",1,"16","1380",26143,"0","1","1","1","1","1","1","1","1","1","1"
"42","Vanderbilt University",42,"Nashville","TN","37240","36.14443","-86.804875","0.1309",2,"17","1481",61112,"0","0","0","1","1","1","1","1","1","0","1"
"43","University of California-Los Angeles",43,"Los Angeles","CA","90095-1405","34.068892","-118.443901","0.1856",1,"16","1330",32074,"0","1","1","1","1","1","1","1","1","1","1"
"44","University of North Carolina at Chapel Hill",44,"Chapel Hill","NC","27599","35.912165","-79.050969","0.285",1,"17","1328",23978,"0","1","0","1","0","1","1","1","1","1","1"
"45","Kenyon College",45,"Gambier","OH","43022","40.374408","-82.397977","0.2506",2,"11","1332",59960,"0","0","0","0","0","1","1","1","1","0","1"
"46","Bucknell University",46,"Lewisburg","PA","17837","40.954489","-76.886275","0.3072",2,"14","1317",61060,"0","1","0","1","1","1","1","1","1","1","1"
"47","Hamilton College",47,"Clinton","NY","13323","43.047809","-75.408853","0.2635",2,"11","1393",59590,"0","1","0","1","0","1","1","1","1","0","1"
"48","College of the Holy Cross",48,"Worcester","MA","01610-2395","42.238942","-71.808627","0.4334",2,"11","NULL",57754,"0","0","0","0","0","1","1","1","1","0","1"
"49","Bates College",49,"Lewiston","ME","4240","44.105299","-70.203333","0.2542",2,"11","NULL",61000,"0","1","0","0","1","1","1","1","1","0","1"
"50","Whitman College",50,"Walla Walla","WA","99362","46.07135","-118.33016","0.4101",2,"11","1323",56600,"0","0","0","0","1","1","1","1","1","0","1"
"51","Smith College",51,"Northampton","MA","1063","42.317933","-72.638094","0.4221",2,"11","NULL",60167,"0","1","1","1","1","1","1","1","1","0","1"
"52","Lafayette College",52,"Easton","PA","18042-1768","40.700512","-75.209058","0.2975",2,"11","1300",59750,"0","1","0","1","1","1","1","1","1","0","1"
"53","Franklin and Marshall College",53,"Lancaster","PA","17604-3003","40.048045","-76.319037","0.3893",2,"11","NULL",60765,"0","1","0","1","0","1","1","1","1","1","1"
"54","Colorado College",54,"Colorado Springs","CO","80903","38.84657","-104.82422","0.179",2,"11","NULL",57400,"0","1","0","1","0","1","1","1","1","0","1"
"55","University of Rochester",55,"Rochester","NY","14627-0011","43.126437","-77.631042","0.3641",2,"14","NULL",61340,"0","1","0","1","1","1","1","1","1","1","1"
"56","Harvey Mudd College",56,"Claremont","CA","91711","34.106137","-117.710594","0.1425",2,"8","1500",63860,"0","0","0","1","1","1","1","1","1","0","0"
"57","Washington University in St Louis",57,"Saint Louis","MO","63130-4899","38.648125","-90.311639","0.1713",2,"17","1478",63755,"0","1","1","1","1","1","1","1","1","1","1"
"58","Wake Forest University",58,"Winston-Salem","NC","27106","36.135301","-80.279004","0.3441",2,"14","NULL",60210,"0","0","0","1","0","1","1","1","1","1","1"
"59","Villanova University",59,"Villanova","PA","19085-1699","40.039388","-75.345457","0.4933",2,"14","1313",58519,"0","1","0","1","1","1","1","1","1","1","1"
"60","Carnegie Mellon University",60,"Pittsburgh","PA","15213-3890","40.444616","-79.942914","0.246",2,"17","1436",61990,"0","1","1","1","1","1","1","1","1","1","1"
"61","Reed College",61,"Portland","OR","97202-8199","45.480376","-122.63064","0.3873",2,"11","1383",59595,"0","1","0","0","0","1","1","1","1","0","1"
"62","University of Southern California",62,"Los Angeles","CA","90089","34.021058","-118.283858","0.1802",2,"16","1380",62092,"0","1","1","1","1","1","1","1","1","1","1"
"63","Johns Hopkins University",63,"Baltimore","MD","21218-2688","39.32838","-76.620799","0.1608",2,"17","1439",61481,"0","1","0","1","1","1","1","1","1","1","1"
"64","Macalester College",64,"Saint Paul","MN","55105-1899","44.936709","-93.169855","0.3635",2,"11","1354",57478,"0","1","0","1","0","1","1","1","1","0","1"
"65","University of Wisconsin-Madison",65,"Madison","WI","53706-1380","43.073858","-89.405356","0.5694",1,"16","1286",23839,"1","1","1","1","1","1","1","1","1","1","1"
"66","Bryn Mawr College",66,"Bryn Mawr","PA","19010","40.028541","-75.314988","0.4047",2,"11","1313",59760,"0","0","0","1","0","1","1","1","1","0","1"
"67","University of Illinois at Urbana-Champaign",67,"Champaign","IL","61820-5711","40.108864","-88.230309","0.5904",1,"16","1326",29086,"1","1","1","1","1","1","1","1","1","1","1"
"68","Grinnell College",68,"Grinnell","IA","50112-1690","41.747048","-92.721246","0.2801",2,"11","1398",56354,"0","0","0","1","0","1","1","1","1","0","1"
"69","Brandeis University",69,"Waltham","MA","02454-9110","42.364947","-71.254716","0.3522",2,"14","1369",61023,"0","1","0","1","0","1","1","1","1","1","1"
"70","Emory University",70,"Atlanta","GA","30322","33.798836","-84.325782","0.2682",2,"17","1366",59908,"0","1","0","1","0","1","1","1","1","1","1"
"71","University of Washington-Seattle Campus",71,"Seattle","WA","98195-4550","47.656213","-122.313115","0.5521",1,"15","1240",25637,"1","1","1","1","1","1","1","1","1","1","1"
"72","Lehigh University",72,"Bethlehem","PA","18015","40.607158","-75.378887","0.3427",2,"14","1326",57043,"0","1","1","1","1","1","1","1","1","1","1"
"73","New York University",73,"New York","NY","10012-1091","40.729452","-73.997264","0.3545",2,"16","1344",61958,"0","0","0","1","1","1","1","1","2","2","1"
"74","University of Florida",74,"Gainesville","FL","32611","29.649428","-82.339958","0.4561",1,"15","1273",20085,"1","1","2","1","1","2","1","2","2","2","1"
"75","Boston University",75,"Boston","MA","2215","42.349581","-71.09984","0.3451",2,"17","1300",61396,"0","0","1","1","1","1","1","1","1","1","1"
"76","Dickinson College",76,"Carlisle","PA","17013-2896","40.202796","-77.197854","0.4809",2,"11","NULL",60109,"0","1","0","1","0","1","1","1","1","1","1"
"77","Connecticut College",77,"New London","CT","06320-4196","41.379833","-72.107321","0.376",2,"11","NULL",60682,"0","0","1","1","0","1","1","1","1","0","1"
"78","AI Miami International University of Art and Design",78,"Miami","FL","33132-1418","25.790008","-80.18839","NULL",3,"10","NULL",29975,"0","0","0","1","0","0","0","0","0","1","0"
"79","Scripps College",79,"Claremont","CA","91711-3905","34.103655","-117.711336","0.284",2,"8","1360",61370,"0","1","0","1","1","1","1","1","1","1","1"
"80","Skidmore College",80,"Saratoga Springs","NY","12866","43.092696","-73.785108","0.3734",2,"11","1241",60900,"0","1","0","1","0","1","1","1","1","1","1"
"81","Brigham Young University-Idaho",81,"Rexburg","ID","83460-1690","43.815384","-111.784728","0.9962",2,"15","1041",11139,"1","1","0","2","1","1","1","1","1","2","1"
"82","Santa Clara University",82,"Santa Clara","CA","95053","37.352706","-121.938189","0.4935",2,"14","1309",59020,"0","1","0","1","1","1","1","1","1","1","1"
"83","California Institute of Technology",83,"Pasadena","CA","91125","34.139275","-118.12574","0.0883",2,"10","1545",58755,"0","0","0","1","1","1","1","0","1","1","1"
"84","Kalamazoo College",84,"Kalamazoo","MI","49006-3295","42.290382","-85.601317","0.6965",2,"11","1239",50800,"0","0","0","1","0","1","1","1","1","1","1"
"85","DePauw University",85,"Greencastle","IN","46135-1772","39.63953","-86.863556","0.566",2,"11","1213",53410,"0","1","0","1","0","1","1","1","1","0","1"
"86","Cooper Union for the Advancement of Science and Art",86,"New York","NY","10003-7120","40.72938","-73.990516","0.1506",2,"6","1388",57429,"0","0","1","0","1","0","0","0","0","0","0"
"87","The University of Texas at Austin",87,"Austin","TX","78712","30.286598","-97.73924","0.3966",1,"15","1296",25918,"0","0","1","1","1","1","1","1","1","1","1"
"88","Sewanee-The University of the South",88,"Sewanee","TN","37383-1000","35.20443","-85.917772","0.647",2,"11","NULL",47970,"0","1","0","1","0","1","1","1","1","0","1"
"89","University of Georgia",89,"Athens","GA","30602","33.956428","-83.374049","0.5572",1,"16","1248",21981,"1","1","1","1","1","1","1","1","1","1","1"
"90","Rhodes College",90,"Memphis","TN","38112-1690","35.154424","-89.989187","0.5999",2,"11","1296",52958,"0","1","0","1","0","1","1","1","1","1","1"
"91","Denison University",91,"Granville","OH","43023-0713","40.072582","-82.520625","0.5553",2,"11","NULL",56520,"0","1","0","1","0","1","1","1","1","0","1"
"92","Occidental College",92,"Los Angeles","CA","90041-3392","34.126224","-118.210783","0.4204",2,"11","1300",63363,"0","1","0","1","0","1","1","1","1","0","1"
"93","Centre College",93,"Danville","KY","40422-1394","37.645102","-84.779175","0.7157",2,"11","1263",47897,"0","1","0","1","0","1","1","1","1","0","1"
"94","University of Richmond",94,"University of Richmond","VA","23173","37.577625","-77.538702","0.318",2,"14","1337",57535,"0","1","0","1","0","1","1","1","1","1","1"
"95","Mount Holyoke College",95,"South Hadley","MA","01075-1489","42.257588","-72.573625","0.547",2,"11","NULL",55454,"0","1","1","1","0","1","1","1","1","0","1"
"96","George Washington University",96,"Washington","DC","20052","38.89865","-77.047871","0.4379",2,"17","1297",61394,"0","1","0","1","1","1","1","1","1","1","1"
"97","Babson College",97,"Wellesley","MA","02457-0310","42.296529","-71.269479","0.2631",2,"11","1272",60494,"0","0","0","0","0","0","0","0","0","2","0"
"98","St Olaf College",98,"Northfield","MN","55057-1098","44.462884","-93.183633","0.5128",2,"14","1292",51860,"0","1","0","1","0","1","1","1","1","0","1"
"99","Wofford College",99,"Spartanburg","SC","29303-3663","34.957914","-81.934572","0.7739",2,"11","1194",49150,"0","1","0","1","0","1","1","1","1","1","1"
"100","Furman University",100,"Greenville","SC","29613-6162","34.920785","-82.441473","0.6871",2,"11","NULL",57276,"0","0","0","1","1","1","1","1","1","1","1"
"101","Rhode Island School of Design",101,"Providence","RI","02903-2784","41.825935","-71.407692","0.3259",2,"11","1254",61352,"0","0","1","0","0","0","0","0","0","0","0"
"102","Case Western Reserve University",102,"Cleveland","OH","44106","41.500812","-81.605769","0.3831",2,"17","1375",57405,"0","1","1","1","1","1","1","1","1","1","1"
"103","Sarah Lawrence College",103,"Bronxville","NY","10708","40.934147","-73.84381","0.5314",2,"11","NULL",64056,"0","0","0","0","0","0","0","0","0","0","0"
"104","Providence College",104,"Providence","RI","02918-0001","41.844064","-71.43792","0.6306",2,"14","NULL",57517,"0","0","0","1","1","1","1","1","1","1","1"
"105","University of California-Santa Barbara",105,"Santa Barbara","CA","93106","34.416281","-119.846404","0.3634",1,"16","1253",33826,"0","1","0","1","1","1","1","1","1","1","1"
"106","Indiana University-Bloomington",106,"Bloomington","IN","47405-7000","39.166383","-86.526904","0.7609",1,"16","1198",23716,"0","1","0","1","0","1","1","1","1","2","1"
"107","Southern Methodist University",107,"Dallas","TX","75275-0221","32.845254","-96.784855","0.524",2,"14","1316",60938,"0","1","0","1","1","1","1","1","1","1","1"
"108","University of California-San Diego",108,"La Jolla","CA","92093","32.876598","-117.237793","0.3329",1,"16","1313",30092,"0","1","0","1","1","1","1","1","1","1","1"
"109","Virginia Polytechnic Institute and State University",109,"Blacksburg","VA","24061-0131","37.228572","-80.423229","0.7263",1,"16","1215",26165,"1","1","1","1","1","1","1","1","1","1","1"
"110","University of Minnesota-Twin Cities",110,"Minneapolis","MN","55455-0213","44.977886","-93.235352","0.4535",1,"15","1271",24551,"1","1","1","2","2","1","1","1","1","2","1"
"111","University of Colorado Boulder",111,"Boulder","CO","80309-0017","40.004415","-105.267061","0.8416",1,"16","1207",28887,"0","1","1","1","1","1","1","1","1","1","1"
"112","Gettysburg College",112,"Gettysburg","PA","17325","39.836091","-77.234982","0.4543",2,"11","NULL",58320,"0","1","0","0","0","1","1","1","1","1","1"
"113","Bard College",113,"Annandale-On-Hudson","NY","12504-5000","42.021803","-73.906243","0.4461",2,"11","NULL",62572,"0","0","0","0","0","0","0","0","1","1","0"
"114","Pitzer College",114,"Claremont","CA","91711-6101","34.103408","-117.705939","0.1302",2,"11","NULL",61416,"0","1","1","1","1","1","1","1","1","1","1"
"115","American University",115,"Washington","DC","20016-8001","38.937802","-77.090106","0.4584",2,"16","1252",56620,"0","1","0","1","0","1","1","1","1","1","1"
"116","University of California-Davis",116,"Davis","CA","95616-8678","38.539895","-121.751958","0.4037",1,"16","1226",32638,"1","1","1","1","1","1","1","1","1","1","1"
"117","Hobart William Smith Colleges",117,"Geneva","NY","14456","42.857725","-76.984533","0.4753",2,"11","NULL",59850,"0","1","1","1","0","1","1","1","1","0","1"
"118","Indiana University-Purdue University-Fort Wayne",118,"Fort Wayne","IN","46805-1499","41.115418","-85.111747","0.9087",1,"12","1002",18755,"0","0","0","2","1","1","1","1","1","1","1"
"119","Muhlenberg College",119,"Allentown","PA","18104","40.597362","-75.508954","0.528",2,"11","NULL",55200,"0","1","0","1","0","1","1","1","1","1","1"
"120","Tulane University of Louisiana",120,"New Orleans","LA","70118-5698","29.939696","-90.120409","0.2795",2,"16","1342",61055,"0","1","1","1","1","1","1","1","1","1","1"
"121","Pepperdine University",121,"Malibu","CA","90263","34.041912","-118.707677","0.3546",2,"14","1234",61164,"0","0","0","1","0","1","1","1","1","1","1"
"122","Earlham College",122,"Richmond","IN","47374-4095","39.822278","-84.911464","0.6452",2,"11","NULL",52710,"0","1","0","1","1","1","1","1","1","1","1"
"123","The College of Wooster",123,"Wooster","OH","44691","40.81046","-81.934674","0.5909",2,"11","1229",53500,"0","0","0","1","0","1","1","1","1","0","1"
"124","Lawrence University",124,"Appleton","WI","54911","44.261323","-88.397822","0.7295",2,"11","NULL",51897,"0","1","0","0","0","1","1","1","1","0","1"
"125","Rensselaer Polytechnic Institute",125,"Troy","NY","12180-3590","42.728983","-73.678768","0.375",2,"14","1372",61820,"0","1","1","1","1","1","1","1","1","1","0"
"126","Drake University",126,"Des Moines","IA","50311-4505","41.60381","-93.654062","0.6926",2,"14","1239",44261,"0","1","0","1","0","1","1","1","1","1","1"
"127","University of Delaware",127,"Newark","DE","19716","39.6795744","-75.7529169","0.6783",1,"16","1194",23357,"1","1","1","1","2","1","1","1","2","2","2"
"128","University of Vermont",128,"Burlington","VT","05405-0160","44.479262","-73.198128","0.7344",1,"17","1191",28348,"1","1","0","1","1","1","1","1","1","1","1"
"129","University of Denver",129,"Denver","CO","80208","39.695954","-104.964625","0.7649",2,"13","1231",55476,"1","1","0","1","1","1","1","1","2","2","1"
"130","Colorado School of Mines",130,"Golden","CO","80401","39.75079","-105.227148","0.3647",1,"13","1333",30154,"0","0","0","1","1","0","1","0","1","0","0"
"131","Rutgers University-Camden",131,"Camden","NJ","8102","39.948628","-75.125303","0.6038",1,"12","1025",23651,"0","0","0","1","0","1","1","1","1","1","1"
"132","Texas A & M University-Corpus Christi",132,"Corpus Christi","TX","78412-5503","27.718601","-97.331933","0.8462",1,"12","970",18745,"0","1","0","1","1","1","1","1","1","1","1"
"133","Bennington College",133,"Bennington","VT","05201-6003","42.92004","-73.237498","0.6721",2,"8","NULL",61920,"0","1","1","1","0","1","1","1","1","0","1"
"134","Syracuse University",134,"Syracuse","NY","13244","43.040005","-76.136633","0.5323",2,"17","1184",57450,"0","0","1","1","1","1","1","1","1","1","1"
"135","Fordham University",135,"Bronx","NY","10458","40.861183","-73.889578","0.4812",2,"17","1254",59105,"0","0","0","1","1","1","1","1","1","1","1"
"136","Beloit College",136,"Beloit","WI","53511-5595","42.50363","-89.03147","0.6931",2,"11","NULL",50378,"0","1","0","1","1","1","1","1","1","1","1"
"137","University of Connecticut",137,"Storrs","CT","6269","41.806261","-72.247969","0.4996",1,"17","1246",26966,"1","1","1","1","1","1","1","1","1","1","1"
"138","Willamette University",138,"Salem","OR","97301","44.935743","-123.030727","0.8131",2,"11","1209",54536,"0","1","0","1","0","1","1","1","1","0","1"
"139","Michigan State University",139,"East Lansing","MI","48824-1046","42.73212","-84.476111","0.6609",1,"16","1158",24323,"1","1","1","1","1","1","1","1","1","1","1"
"140","Loyola Marymount University",140,"Los Angeles","CA","90045-2659","33.970633","-118.415655","0.5271",2,"14","1218",57016,"0","1","0","1","1","1","1","1","1","1","1"
"141","Hampshire College",141,"Amherst","MA","01002-5001","42.324772","-72.532401","0.6664",2,"11","NULL",60048,"1","1","1","1","0","1","1","1","1","1","1"
"142","Wabash College",142,"Crawfordsville","IN","47933-0352","40.037799","-86.905809","0.6998",2,"8","1128",46660,"0","0","0","0","0","1","1","1","1","0","1"
"143","St Lawrence University",143,"Canton","NY","13617","44.589879","-75.161343","0.4764",2,"11","NULL",59550,"0","1","0","1","0","1","1","1","1","1","1"
"144","College of the Atlantic",144,"Bar Harbor","ME","4609","44.399584","-68.228849","0.711",2,"7","NULL",49890,"0","0","0","0","0","0","0","0","0","0","0"
"145","Hope College",145,"Holland","MI","49422-9000","42.788052","-86.105376","0.7741",2,"14","1185",39856,"0","0","0","1","1","1","1","1","1","1","1"
"146","Lewis & Clark College",146,"Portland","OR","97219-7899","45.450547","-122.672478","0.6662",2,"14","NULL",55517,"0","1","0","1","0","1","1","1","1","0","1"
"147","Marquette University",147,"Milwaukee","WI","53233","43.03903","-87.927961","0.6671",2,"17","1220",48364,"0","0","0","1","1","1","1","1","1","1","1"
"148","Westmont College",148,"Santa Barbara","CA","93108-1089","34.449265","-119.661932","0.7936",2,"11","1175",53670,"0","0","0","1","1","1","1","1","1","1","1"
"149","University of Utah",149,"Salt Lake City","UT","84112-9008","40.762484","-111.846044","0.8142",1,"15","1131",18931,"0","1","1","1","1","1","1","1","1","1","1"
"150","Arizona State University-Tempe",150,"Tempe","AZ","85287","33.422247","-111.934629","0.8433",1,"15","1145",22312,"0","1","1","1","1","1","1","1","2","1","1"
"151","Hendrix College",151,"Conway","AR","72032-3080","35.09972","-92.442021","0.8282",2,"11","1244",52536,"0","1","0","1","0","1","1","1","1","1","1"
"152","University of California-Irvine",152,"Irvine","CA","92697","33.648434","-117.841248","0.3742",1,"16","1168",29759,"0","1","1","1","1","1","1","1","1","1","1"
"153","Virginia Military Institute",153,"Lexington","VA","24450-0304","37.790644","-79.435737","0.444",1,"11","1162",25642,"0","0","0","1","1","1","1","1","1","0","1"
"154","Pennsylvania State University-Dickinson Law",154,"Carlisle","PA","17013-2861","40.199443","-77.197794","NULL",1,"18","NULL",NA,"0","0","0","0","0","0","0","0","0","0","0"
"155","Fairfield University",155,"Fairfield","CT","06824-5195","41.160732","-73.25778","0.7153",2,"14","NULL",57966,"0","0","0","1","1","1","1","1","1","1","1"
"156","Worcester Polytechnic Institute",156,"Worcester","MA","01609-2280","42.275067","-71.808792","0.4378",2,"14","NULL",57637,"0","0","0","1","1","1","1","1","1","1","0"
"157","California Polytechnic State University-San Luis Obispo",157,"San Luis Obispo","CA","93407","35.29889","-120.65856","0.3089",1,"16","1234",24218,"1","1","1","1","1","1","1","1","1","1","1"
"158","Clemson University",158,"Clemson","SC","29634","34.677329","-82.834463","0.5152",1,"16","1261",26065,"1","1","1","1","2","1","1","1","1","1","1"
"159","Elon University",159,"Elon","NC","27244-2010","36.104149","-79.505632","0.5393",2,"14","1225",43388,"0","1","0","1","1","1","1","1","1","1","1"
"160","Louisiana State University Health Sciences Center-New Orleans",160,"New Orleans","LA","70112-2223","29.957272","-90.083145","NULL",1,"9","NULL",NA,"0","0","0","0","0","0","0","0","0","0","0"
"161","Juniata College",161,"Huntingdon","PA","16652-2196","40.499511","-78.015204","0.7417",2,"11","NULL",49098,"0","1","0","1","1","1","1","1","1","1","1"
"162","Gustavus Adolphus College",162,"Saint Peter","MN","56082-1498","44.324968","-93.971928","0.6107",2,"11","NULL",50008,"0","1","0","1","0","1","1","1","1","1","1"
"163","James Madison University",163,"Harrisonburg","VA","22807","38.435332","-78.871663","0.6573",1,"16","1153",22601,"0","0","0","1","1","1","1","1","1","1","1"
"164","Ursinus College",164,"Collegeville","PA","19426-1000","40.19405","-75.455654","0.8316",2,"11","NULL",58610,"0","1","0","1","1","1","1","1","1","1","1"
"165","Florida State University",165,"Tallahassee","FL","32306-1037","30.4421","-84.294801","0.5539",1,"15","1228",21408,"0","1","0","1","1","1","1","1","1","1","1"
"166","Bentley University",166,"Waltham","MA","02452-4705","42.388798","-71.220148","0.4611",2,"14","1247",56768,"0","0","0","1","0","0","1","0","0","1","1"
"167","Ramapo College of New Jersey",167,"Mahwah","NJ","07430-1680","41.007523","-74.116384","0.5332",1,"13","1082",27561,"0","1","0","1","0","1","1","1","1","1","1"
"168","Gonzaga University",168,"Spokane","WA","99258-0001","47.668144","-117.403062","0.6751",2,"14","1207",48357,"0","1","0","1","1","1","1","1","1","1","1"
"169","University of Portland",169,"Portland","OR","97203-5798","45.571807","-122.726859","0.6293",2,"14","1195",51947,"0","1","0","1","1","1","1","1","1","1","1"
"170","Rose-Hulman Institute of Technology",170,"Terre Haute","IN","47803-3920","39.480946","-87.32357","0.5879",2,"11","1308",57138,"0","0","0","1","1","1","1","0","1","0","0"
"171","University of Iowa",171,"Iowa City","IA","52242-1316","41.660695","-91.535698","0.8095",1,"16","1164",20691,"0","1","0","1","1","1","1","1","1","2","1"
"172","Baylor University",172,"Waco","TX","76798","31.545956","-97.119359","0.5536",2,"16","1227",53797,"0","1","0","1","1","1","1","1","1","1","1"
"173","Emerson College",173,"Boston","MA","02116-4624","42.35532","-71.074037","0.4918",2,"14","1244",53499,"0","0","0","0","0","0","0","0","0","1","0"
"174","Calvin College",174,"Grand Rapids","MI","49546","42.929916","-85.587548","0.7314",2,"14","1182",40694,"0","1","0","1","1","1","1","1","1","1","1"
"175","North Carolina State University at Raleigh",175,"Raleigh","NC","27695-7001","35.785111","-78.674517","0.516",1,"16","1253",22046,"1","1","1","1","1","1","1","1","1","1","1"
"176","Knox College",176,"Galesburg","IL","61401-9999","40.941829","-90.370316","0.6824",2,"11","NULL",49190,"0","1","0","1","0","1","1","1","1","0","1"
"177","University of Puget Sound",177,"Tacoma","WA","98416","47.263651","-122.479714","0.7929",2,"11","1230",55948,"0","0","0","1","0","1","1","1","1","1","1"
"178","Loyola University Maryland",178,"Baltimore","MD","21210-2699","39.346044","-76.623417","0.5963",2,"14","NULL",57775,"0","0","0","1","1","1","1","1","1","1","1"
"179","University of Redlands",179,"Redlands","CA","92373-0999","34.063571","-117.163847","0.7309",2,"13","1110",57347,"0","1","0","1","0","1","1","1","1","1","1"
"180","Yeshiva University",180,"New York","NY","10033-3299","40.8508","-73.928541","0.818",2,"14","1221",55075,"0","0","0","1","0","1","1","1","1","1","1"
"181","Auburn University",181,"Auburn","AL","36849","32.604685","-85.482782","0.8347",1,"15","1215",25282,"1","1","1","1","1","1","1","1","1","2","1"
"182","Samford University",182,"Birmingham","AL","35229-2240","33.464578","-86.790932","0.5954",2,"14","1165",40900,"0","1","0","1","1","1","1","1","1","1","1"
"183","Saint Michael's College",183,"Colchester","VT","5439","44.494212","-73.163136","0.8046",2,"11","NULL",50806,"0","1","0","1","1","1","1","1","1","1","1"
"184","University of Oklahoma-Health Sciences Center",184,"Oklahoma City","OK","73104-5499","35.47928","-97.496289","NULL",1,"12","NULL",NA,"0","0","0","0","0","0","0","0","0","0","0"
"185","University of California-Santa Cruz",185,"Santa Cruz","CA","95064-1011","36.997258","-122.067993","0.5572",1,"17","1149",33036,"1","1","0","1","1","1","1","1","1","1","1"
"186","University of New Hampshire-School of Law",186,"Concord","NH","03301-4197","43.207371","-71.545152","NULL",1,"18","NULL",NA,"0","0","0","0","0","0","0","0","0","0","0"
"187","University of North Carolina at Asheville",187,"Asheville","NC","28804-8510","35.616618","-82.565259","0.7314",1,"13","1191",18574,"0","1","0","1","1","1","1","1","1","1","1"
"188","University of Dayton",188,"Dayton","OH","45469","39.73686","-84.173662","0.5901",2,"17","1194",49540,"0","0","0","1","1","1","1","1","1","1","1"
"189","University of Pittsburgh-Bradford",189,"Bradford","PA","16701","41.944173","-78.673039","0.6542",1,"11","985",24809,"0","0","0","1","1","1","1","1","1","1","0"
"190","University of Massachusetts-Amherst",190,"Amherst","MA","1003","42.386162","-72.52617","0.6139",1,"17","1217",26207,"1","1","1","1","1","1","1","1","1","2","1"
"191","St Mary's College of Maryland",191,"St. Mary's City","MD","20686-3001","38.188615","-76.425706","0.7887",1,"11","1188",29172,"0","0","0","1","0","1","1","1","1","0","1"
"192","New College of Florida",192,"Sarasota","FL","34243-2109","27.384925","-82.55858","0.5987",1,"8","1274",19858,"0","0","0","0","0","0","0","0","0","0","0"
"193","University of Tulsa",193,"Tulsa","OK","74104-3189","36.151887","-95.945175","0.4026",2,"14","1296",49323,"0","1","0","1","1","1","1","1","1","1","1"
"194","Texas Christian University",194,"Fort Worth","TX","76129","32.709568","-97.361537","0.4887",2,"13","1207",50440,"1","1","0","1","1","1","1","1","1","1","1"
"195","University of San Diego",195,"San Diego","CA","92110-2492","32.77142","-117.188721","0.4625",2,"13","1243",57593,"0","1","1","1","1","1","1","1","1","1","1"
"196","Stonehill College",196,"Easton","MA","02357-6110","42.061448","-71.078123","0.7696",2,"11","NULL",51977,"0","1","0","1","0","1","1","1","1","1","1"
"197","The College of Idaho",197,"Caldwell","ID","83605-4432","43.652653","-116.676838","0.929",2,"11","1076",35456,"0","1","0","0","1","1","1","1","1","1","1"
"198","Creighton University",198,"Omaha","NE","68178","41.265325","-95.947029","0.7267",2,"14","1200",47780,"0","1","0","1","0","1","1","1","1","2","1"
"199","Northeastern University",199,"Boston","MA","02115-5005","42.339992","-71.088782","0.3222",2,"16","1420",57981,"0","1","1","1","1","1","1","1","1","1","1"
"200","University of Mississippi",200,"University","MS","38677-1848","34.362144","-89.539377","0.8122",1,"16","1098",22444,"0","0","0","1","1","2","1","1","1","2","1"
"201","Saint Anselm College",201,"Manchester","NH","03102-1310","42.985066","-71.508177","0.7609",2,"11","NULL",49836,"0","1","0","1","1","1","1","1","1","1","1"
"202","Saint Louis University",202,"Saint Louis","MO","63103-2097","38.636516","-90.23343","0.6108",2,"17","1239",52310,"0","1","0","1","1","1","1","1","1","2","1"
"203","University of Oregon",203,"Eugene","OR","97403","44.044515","-123.07398","0.749",1,"15","1116",23055,"0","1","1","1","0","1","1","1","1","1","1"
"204","University of Arizona",204,"Tucson","AZ","85721-0066","32.232071","-110.950769","0.7462",1,"15","NULL",24617,"1","1","1","1","1","1","1","1","1","1","1"
"205","Hampden-Sydney College",205,"Hampden-Sydney","VA","23943-0128","37.242482","-78.461371","0.4727",2,"11","1098",52016,"0","0","0","1","0","1","1","1","1","1","1"
"206","Clarkson University",206,"Potsdam","NY","13699","44.663761","-74.999947","0.6214",2,"14","1195",57221,"0","1","0","1","1","1","1","1","1","1","1"
"207","Luther College",207,"Decorah","IA","52101-1045","43.313584","-91.803971","0.7116",2,"11","1157",48419,"0","1","0","1","0","1","1","1","1","1","1"
"208","Butler University",208,"Indianapolis","IN","46208","39.840662","-86.171791","0.6846",2,"14","1205",48784,"0","0","0","1","0","1","1","1","1","1","1"
"209","United States Merchant Marine Academy",209,"Kings Point","NY","11024-1699","40.812154","-73.762534","NULL",1,"8","NULL",8988,"0","0","0","0","1","0","0","0","0","0","0"
"210","CUNY City College",210,"New York","NY","10031","40.819794","-73.95055","0.3806",1,"15","1130",14824,"0","1","1","1","1","1","1","1","1","1","1"
"211","Transylvania University",211,"Lexington","KY","40508-1797","38.053236","-84.493883","0.8262",2,"11","1230",43304,"0","0","0","1","0","1","1","1","1","1","1"
"212","University of San Francisco",212,"San Francisco","CA","94117-1080","37.775564","-122.450977","0.6005",2,"16","1152",58039,"0","1","1","1","0","1","1","1","2","1","1"
"213","Saint Mary's College of California",213,"Moraga","CA","94575","37.83997","-122.106795","0.7595",2,"14","1109",58362,"0","1","0","0","1","1","1","1","1","1","1"
"214","Manhattan College",214,"Riverdale","NY","10471-4098","40.889756","-73.901893","0.6654",2,"14","1097",48454,"0","0","0","1","1","1","1","1","1","1","1"
"215","Illinois Wesleyan University",215,"Bloomington","IL","61702-2900","40.491522","-88.990622","0.6043",2,"11","1249",50324,"0","1","0","1","0","1","1","1","1","1","1"
"216","Catholic University of America",216,"Washington","DC","20064","38.935796","-76.998961","0.7391",2,"14","1130",55995,"0","0","1","1","1","1","1","1","1","1","1"
"217","George Mason University",217,"Fairfax","VA","22030-4444","38.83088","-77.30794","0.6665",1,"16","1152",23212,"0","1","0","2","1","1","1","1","1","1","1"
"218","University of Nebraska-Lincoln",218,"Lincoln","NE","68588","40.822272","-96.702177","0.6989",1,"16","1146",21286,"2","1","1","1","1","1","1","1","1","1","1"
"219","Ithaca College",219,"Ithaca","NY","14850-7002","42.42264","-76.495057","0.5911",2,"14","NULL",55515,"0","1","1","1","0","1","1","1","1","1","1"
"220","University of Wyoming",220,"Laramie","WY","82071","41.311943","-105.57204","0.9766",1,"15","1118",18145,"1","1","0","1","1","1","1","1","1","1","1"
"221","San Diego State University",221,"San Diego","CA","92182","32.77525","-117.071228","0.3448",1,"15","1115",20631,"0","1","0","1","1","1","1","1","1","1","1"
"222","University of Scranton",222,"Scranton","PA","18510-4629","41.40715","-75.658031","0.7726",2,"14","1125",53567,"0","1","0","1","1","1","1","1","1","1","1"
"223","Truman State University",223,"Kirksville","MO","63501-4221","40.188238","-92.580531","0.7448",1,"13","1226",19368,"1","0","0","1","0","1","1","1","1","1","1"
"224","Wittenberg University",224,"Springfield","OH","45504","39.937463","-83.814082","0.9138",2,"11","NULL",50115,"0","1","0","1","0","1","1","1","1","1","1"
"225","Hanover College",225,"Hanover","IN","47243","38.712488","-85.461086","0.6447",2,"11","1101",43582,"0","1","0","1","0","1","1","1","1","0","1"
"226","Stevens Institute of Technology",226,"Hoboken","NJ","07030-5991","40.744776","-74.025334","0.4378",2,"14","1346",59384,"0","0","0","1","1","1","1","0","1","1","0"
"227","Springfield College",227,"Springfield","MA","01109-3797","42.105033","-72.555688","0.7087",2,"14","1025",45887,"0","0","0","1","0","1","1","1","1","1","1"
"228","Thomas Aquinas College",228,"Santa Paula","CA","93060","34.429009","-119.087141","0.827",2,"8","1261",35716,"0","0","0","0","0","0","0","0","0","0","0"
"229","University of Alabama at Birmingham",229,"Birmingham","AL","35294-0110","33.50223","-86.80917","0.8569",1,"15","1107",20621,"0","0","0","1","1","1","1","1","1","2","1"
"230","University of Kansas",230,"Lawrence","KS","66045","38.958551","-95.247618","0.9142",1,"16","1145",23049,"0","1","1","1","1","1","1","1","1","1","1"
"231","Whitworth University",231,"Spokane","WA","99251","47.753699","-117.418078","0.7476",2,"11","NULL",47538,"0","0","0","1","0","1","1","1","1","1","1"
"232","Iowa State University",232,"Ames","IA","50011-2030","42.026368","-93.648353","0.8691",1,"16","1145",18828,"1","1","1","1","1","1","1","1","1","1","1"
"233","Bradley University",233,"Peoria","IL","61625-0001","40.697605","-89.61462","0.643",2,"14","1162",42090,"0","1","0","1","1","1","1","1","1","1","1"
"234","Valparaiso University",234,"Valparaiso","IN","46383","41.463176","-87.045853","0.8236",2,"14","1155",44674,"0","1","0","1","1","1","1","1","1","1","1"
"235","Seattle University",235,"Seattle","WA","98122-4340","47.610138","-122.3197","0.7335",2,"13","1183",52458,"0","1","0","1","1","1","1","1","1","1","1"
"236","Albion College",236,"Albion","MI","49224","42.244603","-84.746088","0.6079",2,"11","1125",48073,"0","0","0","0","0","1","1","1","1","1","1"
"237","Southwestern University",237,"Georgetown","TX","78626","30.635194","-97.664637","0.4852",2,"11","1159",48080,"0","1","0","1","0","1","1","1","1","1","1"
"238","Illinois Institute of Technology",238,"Chicago","IL","60616","41.833801","-87.628346","0.506",2,"14","1266",51572,"0","0","1","1","1","1","1","1","1","1","0"
"239","Rollins College",239,"Winter Park","FL","32789-4499","28.591992","-81.348716","0.5729",2,"11","NULL",57686,"0","1","0","1","0","1","1","1","1","1","1"
"240","The University of Tennessee-Knoxville",240,"Knoxville","TN","37996","35.955093","-83.929696","0.7483",1,"16","1198",27450,"1","1","1","1","1","1","1","1","1","1","1"
"241","Presbyterian College",241,"Clinton","SC","29325","34.465697","-81.874408","0.5372",2,"11","1090",46378,"0","0","0","1","0","1","1","1","1","1","1"
"242","University of Arkansas",242,"Fayetteville","AR","72701","36.06153","-94.178214","0.6204",1,"16","1155",20350,"1","1","1","1","1","1","1","1","1","2","1"
"243","University of California-Riverside",243,"Riverside","CA","92521","33.97588","-117.331098","0.5829",1,"16","1128",30174,"0","1","0","1","1","1","1","1","1","1","1"
"244","Taylor University",244,"Upland","IN","46989-1001","40.458382","-85.496906","0.8803",2,"11","1184",39699,"0","1","0","1","1","1","1","1","1","2","1"
"245","Citadel Military College of South Carolina",245,"Charleston","SC","29409","32.796975","-79.961399","0.7554",1,"11","1073",25442,"0","0","0","1","1","1","1","1","1","1","1"
"246","Imagine-Paul Mitchell Partner School",246,"North Little Rock","AR","72117","34.791306","-92.221304","NULL",3,"-2","NULL",NA,"0","0","0","0","0","0","0","0","0","0","0"
"247","Drew University",247,"Madison","NJ","7940","40.757026","-74.425825","0.7017",2,"11","1118",58700,"0","1","0","1","0","1","1","1","1","1","1"
"248","University of Mary Washington",248,"Fredericksburg","VA","22401-5300","38.302206","-77.474392","0.7672",1,"14","1114",23371,"0","0","0","1","0","1","1","1","1","1","1"
"249","University of Dallas",249,"Irving","TX","75062-4736","32.846202","-96.921573","0.8513",2,"11","1211",48274,"0","0","0","1","0","1","1","1","1","1","1"
"250","CUNY Queens College",250,"Queens","NY","11367","40.737771","-73.815387","0.3982",1,"15","1090",14465,"0","1","0","1","0","1","1","1","1","1","1"
"251","Arizona State University-Tempe",251,"Tempe","AZ","85287","33.422247","-111.934629","0.8433",1,"15","1145",22312,"0","1","1","1","1","1","1","1","2","1","1"
"252","Loyola University Chicago",252,"Chicago","IL","60660","41.999161","-87.657399","0.6334",2,"16","1212",48958,"0","1","0","2","0","1","1","2","1","2","1"
"253","DePaul University",253,"Chicago","IL","60604","41.923332","-87.654116","0.6988",2,"15","NULL",48173,"0","1","1","2","0","1","1","1","1","1","1"
"254","Austin College",254,"Sherman","TX","75090-4400","33.646307","-96.598772","0.5438",2,"11","1159",47404,"0","1","0","1","0","1","1","1","1","1","1"
"255","Washington & Jefferson College",255,"Washington","PA","15301","40.171898","-80.240388","0.4165",2,"11","NULL",51369,"0","1","0","1","0","1","1","1","1","1","1"
"256","John Carroll University",256,"University Heights","OH","44118-4581","41.488978","-81.533103","0.8291",2,"14","1116",46851,"0","1","0","1","1","1","1","1","1","1","1"
"257","Bryant University",257,"Smithfield","RI","02917-1291","41.920149","-71.539147","0.7508",2,"14","NULL",52507,"0","1","0","1","0","1","1","1","1","1","1"
"258","Allegheny College",258,"Meadville","PA","16335-3902","41.648068","-80.146922","0.7177",2,"11","1170",51883,"0","1","0","1","1","1","1","1","1","0","1"
"259","Goucher College",259,"Baltimore","MD","21204-2794","39.410175","-76.594843","0.7569",2,"11","NULL",52462,"0","1","0","1","0","1","1","1","1","1","1"
"260","Agnes Scott College",260,"Decatur","GA","30030-3770","33.769996","-84.29563","0.6772",2,"8","NULL",46124,"0","0","0","0","0","1","1","1","1","1","1"
"261","CUNY Brooklyn College",261,"Brooklyn","NY","11210","40.631912","-73.95312","0.3533",1,"15","1085",15117,"0","1","0","1","0","1","1","1","1","1","1"
"262","Spelman College",262,"Atlanta","GA","30314-4399","33.74519","-84.410118","0.54",2,"11","1005",42739,"0","1","0","1","1","1","1","1","1","0","1"
"263","CUNY Hunter College",263,"New York","NY","10065","40.768669","-73.964795","0.3467",1,"15","1160",15198,"0","1","0","1","0","1","1","1","1","1","1"
"264","Nebraska Wesleyan University",264,"Lincoln","NE","68504-2794","40.838789","-96.648414","0.7814",2,"11","1124",38668,"0","0","0","1","0","1","1","1","1","1","1"
"265","Washington College",265,"Chestertown","MD","21620-1438","39.217329","-76.06878","0.5566",2,"11","NULL",54067,"0","1","0","1","0","1","1","1","1","1","1"
"266","Duquesne University",266,"Pittsburgh","PA","15282","40.437496","-79.993046","0.7306",2,"14","1144",43963,"0","1","0","2","0","1","1","1","1","2","1"
"267","Seattle Pacific University",267,"Seattle","WA","98119-1997","47.649338","-122.362923","0.834",2,"14","1140",47389,"0","0","0","1","1","1","1","1","1","1","1"
"268","Siena College",268,"Loudonville","NY","12211-1462","42.718586","-73.75153","0.6586",2,"14","1127",47265,"0","0","0","1","0","1","1","1","1","1","1"
"269","Colorado State University-Fort Collins",269,"Fort Collins","CO","80523-0100","40.574759","-105.08083","0.8048",1,"16","1128",22929,"2","1","1","1","1","1","1","1","1","1","1"
"270","Simmons College",270,"Boston","MA","02115-5898","42.3393","-71.099967","0.5216",2,"14","1170",52348,"1","1","0","1","0","1","1","1","1","1","1"
"271","Seton Hall University",271,"South Orange","NJ","07079-2697","40.742859","-74.248753","0.7554",2,"13","1133",48457,"0","1","0","1","0","1","1","1","1","1","1"
"272","Pacific Lutheran University",272,"Tacoma","WA","98447-0003","47.145494","-122.445372","0.7501",2,"13","1115",46717,"0","1","0","1","1","1","1","1","1","1","1"
